Page URL,Page Title,Status Code,Cookie Name,Cookie Value,Domain,Path,Expiry,Size,httpOnly,Secure,Session
https://abhinavpuri.com/,home,200,_firstInteraction,20/2/2021,www.abhinavpuri.com,/,1645361441,26,False,False,False
https://abhinavpuri.com/,home,200,_gat_UA-176595120-1,1,.abhinavpuri.com,/,1613825502,20,False,False,False
https://abhinavpuri.com/,home,200,_gid,GA1.2.1975574394.1613825442,.abhinavpuri.com,/,1613911842,31,False,False,False
https://abhinavpuri.com/,home,200,_ga,GA1.2.2105075263.1613825442,.abhinavpuri.com,/,1676897442,30,False,False,False
https://abhinavpuri.com/,home,200,_gaexp,GAX1.2.JL2e-vZTQLuzCnXMFk4saQ.18704.1,.abhinavpuri.com,/,1616025600,43,False,False,False
https://abhinavpuri.com/,home,200,_stat_track_s_id,_si%3D1613825442%26_sid%3D1613845242%26_inew%3D1%26_ls%3D1613845242%26_lurl%3D-62856805%26_lrfr%3D0%26_la%3D1613845243%26_so%3D%26_pp%3D%26_bh%3D385%26_ane%3D%26_te%3D,.abhinavpuri.com,/,-1,183,False,False,True
https://abhinavpuri.com/,home,200,_clck,1c6cxen,www.abhinavpuri.com,/,1645361442,12,False,False,False
https://abhinavpuri.com/,home,200,stat_track_u_id,uid%3D-1016876597%26f%3D5833%253A5%26st%3D1%26sy%3D%26ls%3D1613845242%26off%3D%26noacts%3D%26dg%3D%26hs%3D0,.abhinavpuri.com,/,4105103400,122,False,False,False
https://abhinavpuri.com/blog,Blogs | home,200,_firstInteraction,20/2/2021,www.abhinavpuri.com,/,1645361466,26,False,False,False
https://abhinavpuri.com/blog,Blogs | home,200,_gat_UA-176595120-1,1,.abhinavpuri.com,/,1613825527,20,False,False,False
https://abhinavpuri.com/blog,Blogs | home,200,_gid,GA1.2.1054220311.1613825467,.abhinavpuri.com,/,1613911867,31,False,False,False
https://abhinavpuri.com/blog,Blogs | home,200,_ga,GA1.2.1279458664.1613825467,.abhinavpuri.com,/,1676897467,30,False,False,False
https://abhinavpuri.com/blog,Blogs | home,200,_gaexp,GAX1.2.JL2e-vZTQLuzCnXMFk4saQ.18704.1,.abhinavpuri.com,/,1616025600,43,False,False,False
https://abhinavpuri.com/blog,Blogs | home,200,_stat_track_s_id,_si%3D1613825467%26_sid%3D1613845267%26_inew%3D1%26_ls%3D1613845267%26_lurl%3D203722576%26_lrfr%3D0%26_la%3D1613845268%26_so%3D%26_pp%3D%26_bh%3D385%26_ane%3D%26_te%3D,.abhinavpuri.com,/,-1,183,False,False,True
https://abhinavpuri.com/blog,Blogs | home,200,_clck,12613uu,www.abhinavpuri.com,/,1645361467,12,False,False,False
https://abhinavpuri.com/blog,Blogs | home,200,stat_track_u_id,uid%3D-1440894102%26f%3D5833%253A5%26st%3D1%26sy%3D%26ls%3D1613845267%26off%3D%26noacts%3D%26dg%3D%26hs%3D0,.abhinavpuri.com,/,4105103400,122,False,False,False
https://abhinavpuri.com/blog/behavioral-analytics/,Behavioral Analytics: Microsoft Clarity & Google Analytics Integration | home,200,_firstInteraction,20/2/2021,www.abhinavpuri.com,/,1645361492,26,False,False,False
https://abhinavpuri.com/blog/behavioral-analytics/,Behavioral Analytics: Microsoft Clarity & Google Analytics Integration | home,200,_gat_UA-176595120-1,1,.abhinavpuri.com,/,1613825552,20,False,False,False
https://abhinavpuri.com/blog/behavioral-analytics/,Behavioral Analytics: Microsoft Clarity & Google Analytics Integration | home,200,_gid,GA1.2.1112592520.1613825493,.abhinavpuri.com,/,1613911892,31,False,False,False
https://abhinavpuri.com/blog/behavioral-analytics/,Behavioral Analytics: Microsoft Clarity & Google Analytics Integration | home,200,_ga,GA1.2.1044436086.1613825493,.abhinavpuri.com,/,1676897492,30,False,False,False
https://abhinavpuri.com/blog/behavioral-analytics/,Behavioral Analytics: Microsoft Clarity & Google Analytics Integration | home,200,__atuvc,1%7C7,www.abhinavpuri.com,/,1647780693,12,False,False,False
https://abhinavpuri.com/blog/behavioral-analytics/,Behavioral Analytics: Microsoft Clarity & Google Analytics Integration | home,200,_gaexp,GAX1.2.JL2e-vZTQLuzCnXMFk4saQ.18704.1,.abhinavpuri.com,/,1616025600,43,False,False,False
https://abhinavpuri.com/blog/behavioral-analytics/,Behavioral Analytics: Microsoft Clarity & Google Analytics Integration | home,200,_stat_track_s_id,_si%3D1613825493%26_sid%3D1613845292%26_inew%3D1%26_ls%3D1613845292%26_lurl%3D1680536767%26_lrfr%3D0%26_la%3D1613845293%26_so%3D%26_pp%3D%26_bh%3D385%26_ane%3D%26_te%3D,.abhinavpuri.com,/,-1,184,False,False,True
https://abhinavpuri.com/blog/behavioral-analytics/,Behavioral Analytics: Microsoft Clarity & Google Analytics Integration | home,200,_clck,1q9p3av,www.abhinavpuri.com,/,1645361493,12,False,False,False
https://abhinavpuri.com/blog/behavioral-analytics/,Behavioral Analytics: Microsoft Clarity & Google Analytics Integration | home,200,stat_track_u_id,uid%3D2030026567%26f%3D5833%253A5%26st%3D1%26sy%3D%26ls%3D1613845292%26off%3D%26noacts%3D%26dg%3D%26hs%3D1,.abhinavpuri.com,/,4105103400,121,False,False,False
https://abhinavpuri.com/blog/behavioral-analytics/,Behavioral Analytics: Microsoft Clarity & Google Analytics Integration | home,200,__atuvs,603105d4546d2981000,www.abhinavpuri.com,/,1613827293,26,False,False,False
https://abhinavpuri.com/tags/ga/,ga | home,200,_firstInteraction,20/2/2021,www.abhinavpuri.com,/,1645361522,26,False,False,False
https://abhinavpuri.com/tags/ga/,ga | home,200,_stat_track_s_id,_si%3D1613825524%26_sid%3D1613845323%26_inew%3D1%26_ls%3D1613845323%26_lurl%3D1438896419%26_lrfr%3D0%26_la%3D1613845324%26_so%3D%26_pp%3D%26_bh%3D385%26_ane%3D%26_te%3D,.abhinavpuri.com,/,-1,184,False,False,True
https://abhinavpuri.com/tags/ga/,ga | home,200,_clck,122hgwh,www.abhinavpuri.com,/,1645361523,12,False,False,False
https://abhinavpuri.com/tags/ga/,ga | home,200,stat_track_u_id,uid%3D-896277392%26f%3D5833%253A5%26st%3D1%26sy%3D%26ls%3D1613845323%26off%3D%26noacts%3D%26dg%3D%26hs%3D0,.abhinavpuri.com,/,4105103400,121,False,False,False
https://abhinavpuri.com/tags/ga/,ga | home,200,_gid,GA1.2.1757258632.1613825525,.abhinavpuri.com,/,1613911925,31,False,False,False
https://abhinavpuri.com/tags/ga/,ga | home,200,_ga,GA1.2.1888648832.1613825525,.abhinavpuri.com,/,1676897525,30,False,False,False
https://abhinavpuri.com/tags/gtm/,gtm | home,200,_firstInteraction,20/2/2021,www.abhinavpuri.com,/,1645361547,26,False,False,False
https://abhinavpuri.com/tags/gtm/,gtm | home,200,_gat_UA-176595120-1,1,.abhinavpuri.com,/,1613825607,20,False,False,False
https://abhinavpuri.com/tags/gtm/,gtm | home,200,_gid,GA1.2.1732633254.1613825547,.abhinavpuri.com,/,1613911947,31,False,False,False
https://abhinavpuri.com/tags/gtm/,gtm | home,200,_ga,GA1.2.2109674156.1613825547,.abhinavpuri.com,/,1676897547,30,False,False,False
https://abhinavpuri.com/tags/gtm/,gtm | home,200,_gaexp,GAX1.2.JL2e-vZTQLuzCnXMFk4saQ.18704.1,.abhinavpuri.com,/,1616025600,43,False,False,False
https://abhinavpuri.com/tags/gtm/,gtm | home,200,_stat_track_s_id,_si%3D1613825548%26_sid%3D1613845347%26_inew%3D1%26_ls%3D1613845347%26_lurl%3D-504500063%26_lrfr%3D0%26_la%3D1613845348%26_so%3D%26_pp%3D%26_bh%3D385%26_ane%3D%26_te%3D,.abhinavpuri.com,/,-1,184,False,False,True
https://abhinavpuri.com/tags/gtm/,gtm | home,200,_clck,1u1xmho,www.abhinavpuri.com,/,1645361547,12,False,False,False
https://abhinavpuri.com/tags/gtm/,gtm | home,200,stat_track_u_id,uid%3D573490128%26f%3D5833%253A5%26st%3D1%26sy%3D%26ls%3D1613845347%26off%3D%26noacts%3D%26dg%3D%26hs%3D0,.abhinavpuri.com,/,4105103400,120,False,False,False
