Page URL,Page Title,Status Code,Method,GTM Container,Size,Request URL
https://abhinavpuri.com/,home,200,GET,GTM-MR6D8HV,54,https://www.googletagmanager.com/gtm.js?id=GTM-MR6D8HV
https://abhinavpuri.com/blog,Blogs | home,200,GET,GTM-MR6D8HV,54,https://www.googletagmanager.com/gtm.js?id=GTM-MR6D8HV
https://abhinavpuri.com/blog/behavioral-analytics/,Behavioral Analytics: Microsoft Clarity & Google Analytics Integration | home,200,GET,GTM-MR6D8HV,54,https://www.googletagmanager.com/gtm.js?id=GTM-MR6D8HV
https://abhinavpuri.com/tags/ga/,ga | home,200,GET,GTM-MR6D8HV,54,https://www.googletagmanager.com/gtm.js?id=GTM-MR6D8HV
https://abhinavpuri.com/tags/gtm/,gtm | home,200,GET,GTM-MR6D8HV,54,https://www.googletagmanager.com/gtm.js?id=GTM-MR6D8HV
