Page URL,Page Title,Status Code,Method,Tracking Code,Event,Language,Size,Request URL
https://abhinavpuri.com/,home,200,POST,UA-176595120-1,pageview,438,https://www.google-analytics.com/j/collect?v=1&_v=j88&a=1122990699&t=pageview&_s=1&dl=https://www.abhinavpuri.com/&ul=en-us&de=UTF-8&dt=home&sd=24-bit&sr=800x600&vp=800x600&je=0&exp=JL2e-vZTQLuzCnXMFk4saQ.1&_u=aGDAAEADQAAAAC~&jid=1610465512&gjid=323332210&cid=2105075263.1613825442&tid=UA-176595120-1&_gid=1975574394.1613825442&_r=1&gtm=2wg2a1MR6D8HV&cd1=home:about&cd2=https://www.abhinavpuri.com/&cd3=homepage&cd7=20/2/2021&z=1892969911
https://abhinavpuri.com/blog,Blogs | home,200,POST,UA-176595120-1,pageview,453,https://www.google-analytics.com/j/collect?v=1&_v=j88&a=969422760&t=pageview&_s=1&dl=https://www.abhinavpuri.com/blog/&ul=en-us&de=UTF-8&dt=Blogs | home&sd=24-bit&sr=800x600&vp=800x600&je=0&exp=JL2e-vZTQLuzCnXMFk4saQ.1&_u=aGDAAEADQAAAAC~&jid=776217183&gjid=1275963055&cid=1279458664.1613825467&tid=UA-176595120-1&_gid=1054220311.1613825467&_r=1&gtm=2wg2a1MR6D8HV&cd1=blog:listing&cd2=https://www.abhinavpuri.com/blog/&cd3=bloglist&cd7=20/2/2021&z=798013
https://abhinavpuri.com/blog/behavioral-analytics/,Behavioral Analytics: Microsoft Clarity & Google Analytics Integration | home,200,POST,UA-176595120-1,pageview,743,https://www.google-analytics.com/j/collect?v=1&_v=j88&a=352415754&t=pageview&_s=1&dl=https://www.abhinavpuri.com/blog/behavioral-analytics/&ul=en-us&de=UTF-8&dt=Behavioral Analytics: Microsoft Clarity & Google Analytics Integration | home&sd=24-bit&sr=800x600&vp=800x600&je=0&exp=JL2e-vZTQLuzCnXMFk4saQ.1&_u=aGDAAEADQAAAAC~&jid=1022108423&gjid=374121115&cid=1044436086.1613825493&tid=UA-176595120-1&_gid=1112592520.1613825493&_r=1&gtm=2wg2a1MR6D8HV&cd1=blog:behavioral-analytics:-microsoft-clarity-&-google-analytics-integration-&cd2=https://www.abhinavpuri.com/blog/behavioral-analytics/&cd3=blogpage&cd4=behavioral-analytics:-microsoft-clarity-&-google-analytics-integration-&cd5=2020-11-15&cd6=ga|gtm|clarity|blog&cd7=20/2/2021&z=1159507999
https://abhinavpuri.com/blog/behavioral-analytics/,Behavioral Analytics: Microsoft Clarity & Google Analytics Integration | home,200,GET,UA-176595120-1,Not Found,793,https://www.google-analytics.com/collect?v=1&_v=j88&a=352415754&t=timing&_s=2&dl=https://www.abhinavpuri.com/blog/behavioral-analytics/&ul=en-us&de=UTF-8&dt=Behavioral Analytics: Microsoft Clarity & Google Analytics Integration | home&sd=24-bit&sr=800x600&vp=800x600&je=0&plt=4356&pdt=181&dns=64&rrt=1125&srt=344&tcp=175&dit=2577&clt=2577&_gst=2795&_gbt=3378&_cst=2335&_cbt=2711&_u=aGDAAEADQAAAAC~&jid=&gjid=&cid=1044436086.1613825493&tid=UA-176595120-1&_gid=1112592520.1613825493&gtm=2wg2a1MR6D8HV&cd1=blog:behavioral-analytics:-microsoft-clarity-&-google-analytics-integration-&cd2=https://www.abhinavpuri.com/blog/behavioral-analytics/&cd3=blogpage&cd4=behavioral-analytics:-microsoft-clarity-&-google-analytics-integration-&cd5=2020-11-15&cd6=ga|gtm|clarity|blog&cd7=20/2/2021&z=1753454215
https://abhinavpuri.com/blog/behavioral-analytics/,Behavioral Analytics: Microsoft Clarity & Google Analytics Integration | home,200,GET,UA-176595120-1,Not Found,538,https://www.google-analytics.com/collect?v=1&_v=j88&a=352415754&t=event&ni=0&_s=1&dl=https://www.abhinavpuri.com/blog/behavioral-analytics/&ul=en-us&de=UTF-8&dt=Behavioral Analytics: Microsoft Clarity & Google Analytics Integration | home&sd=24-bit&sr=800x600&vp=800x600&je=0&ec=Scroll Depth&ea=behavioral-analytics:-microsoft-clarity-&-google-analytics-integration- :25&el=/blog/behavioral-analytics/ :25&_u=aGDAAEADQAAAAC~&jid=&gjid=&cid=1044436086.1613825493&tid=UA-176595120-1&_gid=1112592520.1613825493&gtm=2wg2a1MR6D8HV&z=1910774875
https://abhinavpuri.com/blog/behavioral-analytics/,Behavioral Analytics: Microsoft Clarity & Google Analytics Integration | home,200,GET,UA-176595120-1,Not Found,538,https://www.google-analytics.com/collect?v=1&_v=j88&a=352415754&t=event&ni=0&_s=1&dl=https://www.abhinavpuri.com/blog/behavioral-analytics/&ul=en-us&de=UTF-8&dt=Behavioral Analytics: Microsoft Clarity & Google Analytics Integration | home&sd=24-bit&sr=800x600&vp=800x600&je=0&ec=Scroll Depth&ea=behavioral-analytics:-microsoft-clarity-&-google-analytics-integration- :50&el=/blog/behavioral-analytics/ :50&_u=aGDAAEADQAAAAC~&jid=&gjid=&cid=1044436086.1613825493&tid=UA-176595120-1&_gid=1112592520.1613825493&gtm=2wg2a1MR6D8HV&z=1894409678
https://abhinavpuri.com/blog/behavioral-analytics/,Behavioral Analytics: Microsoft Clarity & Google Analytics Integration | home,200,GET,UA-176595120-1,Not Found,538,https://www.google-analytics.com/collect?v=1&_v=j88&a=352415754&t=event&ni=0&_s=1&dl=https://www.abhinavpuri.com/blog/behavioral-analytics/&ul=en-us&de=UTF-8&dt=Behavioral Analytics: Microsoft Clarity & Google Analytics Integration | home&sd=24-bit&sr=800x600&vp=800x600&je=0&ec=Scroll Depth&ea=behavioral-analytics:-microsoft-clarity-&-google-analytics-integration- :75&el=/blog/behavioral-analytics/ :75&_u=aGDAAEADQAAAAC~&jid=&gjid=&cid=1044436086.1613825493&tid=UA-176595120-1&_gid=1112592520.1613825493&gtm=2wg2a1MR6D8HV&z=1007748077
https://abhinavpuri.com/blog/behavioral-analytics/,Behavioral Analytics: Microsoft Clarity & Google Analytics Integration | home,200,GET,UA-176595120-1,Not Found,540,https://www.google-analytics.com/collect?v=1&_v=j88&a=352415754&t=event&ni=0&_s=1&dl=https://www.abhinavpuri.com/blog/behavioral-analytics/&ul=en-us&de=UTF-8&dt=Behavioral Analytics: Microsoft Clarity & Google Analytics Integration | home&sd=24-bit&sr=800x600&vp=800x600&je=0&ec=Scroll Depth&ea=behavioral-analytics:-microsoft-clarity-&-google-analytics-integration- :100&el=/blog/behavioral-analytics/ :100&_u=aGDAAEADQAAAAC~&jid=&gjid=&cid=1044436086.1613825493&tid=UA-176595120-1&_gid=1112592520.1613825493&gtm=2wg2a1MR6D8HV&z=1602279596
https://abhinavpuri.com/tags/ga/,ga | home,200,POST,UA-176595120-1,pageview,458,https://www.google-analytics.com/j/collect?v=1&_v=j88&a=872152195&t=pageview&_s=1&dl=https://www.abhinavpuri.com/tags/ga/&ul=en-us&de=UTF-8&dt=ga | home&sd=24-bit&sr=800x600&vp=800x600&je=0&exp=JL2e-vZTQLuzCnXMFk4saQ.1&_u=aGDAAEADQAAAAC~&jid=1597159159&gjid=1246703598&cid=1888648832.1613825525&tid=UA-176595120-1&_gid=1757258632.1613825525&_r=1&gtm=2wg2a1MR6D8HV&cd1=tags:ga&cd2=https://www.abhinavpuri.com/tags/ga/&cd3=tagss-page&cd7=20/2/2021&z=1838882014
https://abhinavpuri.com/tags/gtm/,gtm | home,200,POST,UA-176595120-1,pageview,461,https://www.google-analytics.com/j/collect?v=1&_v=j88&a=434873510&t=pageview&_s=1&dl=https://www.abhinavpuri.com/tags/gtm/&ul=en-us&de=UTF-8&dt=gtm | home&sd=24-bit&sr=800x600&vp=800x600&je=0&exp=JL2e-vZTQLuzCnXMFk4saQ.1&_u=aGDAAEADQAAAAC~&jid=1306283192&gjid=1216395967&cid=2109674156.1613825547&tid=UA-176595120-1&_gid=1732633254.1613825547&_r=1&gtm=2wg2a1MR6D8HV&cd1=tags:gtm&cd2=https://www.abhinavpuri.com/tags/gtm/&cd3=tagss-page&cd7=20/2/2021&z=591701126
